species,protein_type,accession,gi,length,definition,organism,sequence,create_date,update_date,molecular_weight,topology,division,aa_M_percent,aa_R_percent,aa_F_percent,aa_K_percent,aa_T_percent,aa_C_percent,aa_L_percent,aa_S_percent,aa_G_percent,aa_N_percent,aa_V_percent,aa_E_percent,aa_I_percent,aa_Q_percent,aa_Y_percent,aa_P_percent,aa_H_percent,aa_D_percent,aa_A_percent,aa_W_percent,num_features,num_references,first_reference_title,first_reference_journal,first_reference_pubmed,aa_X_percent
Abelmoschus esculentus,heat_shock,UOW80533.1,UOW80533,365,ribosomal protein S4 (mitochondrion) [Abelmoschus esculentus],Abelmoschus esculentus,MRFKTCRRLSGNVRNRELTIIQGRILRRLRNKKRYIKKKIVTRKNRNSYIQSQTTRKLPLFHGDLPITEMHRGTERASYIPFPLNPETRSDVIPVRLHFRETIPQARQLISHRRVCVNNEMVKINHLKLSHGDIISFQENNARIRGEEIRRSFYIEISVEKIIDKFKLKKKKPFKIKKKKRGKFLDRQVRMWRRIKCFHLLKLKTKRGCRLLLKKSRFLKQLRSYMQKEDLKRTKKFGSEKVCLGSSFAEHNRMKRNLYYFKSLFLWNEKTRNLPTQTRSPIVYNSFLYRYSKKKKTYCSAFPYQKTMKRRIKRIELPTHYSEVNHRTLKAVVSYGPNIGHIPHDIRLKDPNLPLRSGNGRGQNI,19-APR-2022,19-APR-2022,43949.55,linear,PLN,1.92,12.88,4.66,12.88,4.93,1.64,9.32,6.3,4.11,5.75,3.84,4.66,7.95,3.29,3.84,4.38,3.29,2.19,1.64,0.55,2,1,Direct Submission,"Submitted (03-NOV-2021) College of Horticulture and Landscape Architecture, Southwest University, No. 2 Tiansheng Road, Chongqing, Chongqing 400716, China",,
Abelmoschus esculentus,ros_detox,AXY96793.1,AXY96793,102,"cytosolic L-ascorbate peroxidase 1, partial [Abelmoschus esculentus]",Abelmoschus esculentus,MGLSDQDIVALSGGHTLGRCHKERSGFXGPWTXNPLIFDNSYXKELXSGEKEGLLQLPTDKVLLSDPAFRPLVDKYAADEDAFFADYAEAHLKLSELGFADA,17-SEP-2019,17-SEP-2019,10657.8,linear,PLN,0.98,2.94,5.88,5.88,2.94,0.98,13.73,6.86,8.82,1.96,2.94,6.86,1.96,1.96,2.94,4.9,2.94,9.8,9.8,0.98,2,2,Okra CDS,Unpublished,,3.92
Abelmoschus esculentus,ros_detox,AXY96798.1,AXY96798,85,"chloroplast Cu/Zn superoxide dismutase, partial [Abelmoschus esculentus]",Abelmoschus esculentus,MTHGAPEDEVRHAGDXGNIIANAXGVAEAXIVDNQIPLSGXXAVVGRAXVVHELEDDLGKGGHELSLTTGNAGGRLACGVVGLTP,17-SEP-2019,17-SEP-2019,7740.59,linear,PLN,1.18,3.53,,1.18,4.71,1.18,8.24,2.35,16.47,4.71,10.59,7.06,4.71,1.18,,3.53,4.71,5.88,11.76,,2,2,Okra CDS,Unpublished,,7.06
Abies balsamea,heat_shock,QOV00696.1,QOV00696,140,"heat shock protein, partial [Abies balsamea]",Abies balsamea,VLIQVFEGERARTKDNNLLGKFELSGIPPAPRGVPQITVCFDIDANGILNVSAEDKTTGQKNKITITNDKGRLSKDEIEKMVQDAEKYKAEDEELKLKVESKNSLENYAYNMRNTIRDDKIAGKLDPSDKKKIEDAVDAT,04-NOV-2020,04-NOV-2020,15655.51,linear,PLN,1.43,4.29,2.14,12.86,5.71,0.71,7.14,4.29,5.71,7.14,5.71,9.29,7.86,2.86,2.14,3.57,,10.0,7.14,,2,2,Using niche centrality within the scope of the nearly neutral theory of evolution to predict genetic diversity in a tropical conifer species-pair,J Biogeogr (2020) In press,,
Abies balsamea,heat_shock,QOV00695.1,QOV00695,140,"heat shock protein, partial [Abies balsamea]",Abies balsamea,VLIQVFEGERARTKDNNLLGKFELSGIPPAPRGVPQITVCFDIDANGILNVSAEDKTTGQKNKITITNDKGRLSKDEIEKMVQDAEKYKAEDEELKLKVESKNSLENYAYNMRNTIRDDKIAGKLDPSDKKKIEDAVDAT,04-NOV-2020,04-NOV-2020,15655.51,linear,PLN,1.43,4.29,2.14,12.86,5.71,0.71,7.14,4.29,5.71,7.14,5.71,9.29,7.86,2.86,2.14,3.57,,10.0,7.14,,2,2,Using niche centrality within the scope of the nearly neutral theory of evolution to predict genetic diversity in a tropical conifer species-pair,J Biogeogr (2020) In press,,
Abies balsamea,heat_shock,QOV00694.1,QOV00694,140,"heat shock protein, partial [Abies balsamea]",Abies balsamea,VLIQVFEGERARTKDNNLLGKFELSGIPPAPRGVPQITVCFDIDANGILNVSAEDKTTGQKNKITITNDKGRLSKDEIEKMVQDAEKYKAEDEELKLKVESKNSLENYAYNMRNTIRDDKIAGKLDPSDKKKIEDAVDAT,04-NOV-2020,04-NOV-2020,15655.51,linear,PLN,1.43,4.29,2.14,12.86,5.71,0.71,7.14,4.29,5.71,7.14,5.71,9.29,7.86,2.86,2.14,3.57,,10.0,7.14,,2,2,Using niche centrality within the scope of the nearly neutral theory of evolution to predict genetic diversity in a tropical conifer species-pair,J Biogeogr (2020) In press,,
Actinidia deliciosa,ros_detox,AXE72885.1,AXE72885,318,peroxidase 64 [Actinidia deliciosa],Actinidia deliciosa,MAAARSLALALSLLLLSISTLVNTLSTNYYDQTCPKAESVITSVVKKAMSNDKTVPAALLRMHFHDCFIRGCGASVLLNSTSKNQAEKDGPPNISLHAFYVIDNAKKEVEAMCPGVVSCADILALAAKDAVALSGGPTWNVPKGRKDGRISKAIDTRQLPAPTFNISQLQQSFSQRGLSMDDLVALSGGHTLGFAHCSSFQNRIYNFNTQTNMDPSMQHSFADSLRSVCPIHNKVKNAGATLDSTSTTFDNAYYKLLLQGKSIFSSDQALLNIARTKDLVSKFATSQEEFEEAFVKSVIKMSSITGGQEVRLNCRVVR,31-DEC-2018,31-DEC-2018,34451.01,linear,PLN,2.52,4.09,4.4,6.29,6.29,2.52,10.06,11.32,5.03,5.66,6.6,2.83,4.72,4.4,1.89,3.46,2.2,5.35,10.06,0.31,2,2,Cloning and Expression Analysis of Peroxidase Genes in Actinidia deliciosa,Unpublished,,
Actinidia deliciosa,ros_detox,AXE72884.1,AXE72884,327,peroxidase 27-like protein [Actinidia deliciosa],Actinidia deliciosa,MATSKLSICLLFEMIFLAFVFNLASGHGLKNGFYKKTCPNAEAIVKKTIHEVISVAPSLAGPLLRMHFHDCFVRGCDGSVLLDSPTRQAEKDAIPNLTLRGLQIIDKVKAALEKECPGVVSCADTLAIIARDVTYEVMGPFWEVETGRRDGKVSIANEALINLPPPFANISALKTTFALKGLSVKDLVVLSGGHTIGISHCSSFNTRLYNFTGKGDTDPTLDPNYIKRLKLKCKPADQNSIVEMDPGSFKTFDQHYYTLVAKRRGLFQSDAALLDDSETKAYVKAHANSHGSTFFKDFGVSMINMGRIGVLTGKDGEVRKVCTKVNH,31-DEC-2018,31-DEC-2018,35746.04,linear,PLN,2.14,3.98,5.5,8.26,6.42,2.75,9.79,6.73,7.65,4.28,7.34,3.98,5.81,1.53,2.14,4.28,3.06,6.12,7.95,0.31,2,2,Cloning and Expression Analysis of Peroxidase Genes in Actinidia deliciosa,Unpublished,,
Actinidia deliciosa,ros_detox,AZZ65892.1,AZZ65892,327,copper chaperone for superoxide dismutase [Actinidia deliciosa],Actinidia deliciosa,MGFVRSVAATTTTTIAATALASLSSPSSSSSSSSSPFSHIPKTLTFPSLFSNPFLKPARLGLVKSFAPPPSAVHMDAPSSDQKFSSQNGSLLPELLTEYMVDMKCEGCVNSVKNKLQIVDGVKNVDVDLSSQVVRILGSSPVKTMTEALEQTGRKARLIGLGVPEDFLVSAAVAEFKGPDIFGVVRLAQVNMELARIEATFSGLSPGKHGWSINEFGDLTRGASSTGKVFNPSNHVTENEPLGDLGTLNVDEKGEAFFSGVKEKLRIADLIGRSIALYGSEDRSDPGLTAAVIARSAGVGENYKKLCTCDGTTIWEATNQDFVTSKV,15-JAN-2019,15-JAN-2019,34582.86,linear,PLN,1.83,3.67,4.89,5.81,7.03,1.22,9.17,12.54,8.26,3.98,8.56,5.5,3.98,2.14,0.92,5.5,1.22,4.89,8.26,0.61,2,2,Molecular cloning and characterization of the copper chaperone gene for superoxide dismutase from Actinidia deliciosa cv. Miliang-1,Unpublished,,
Actinidia deliciosa,ros_detox,ASL04622.1,ASL04622,315,copper chaperone for superoxide dismutase [Actinidia deliciosa],Actinidia deliciosa,MVATTSTAIAATALASLSSPYSSPFSHIPKTLTFPSLFSNPFLKPARLGLVKSFAPPPSAVHMDAPSSDQKFSSQNGSPLPELLTEYMVDMKCEGCVNSVKNKLQIVDGVKNVDVDLSSQVVRILGSSPVKTMTEALEQTGRKARLIGQGVPEDFLVSAAVAEFKGPDIFGVVRLAQVNMELARIEATFSGLSPGKHGWSINEFGDLTRGASSTGKVFNPSNHVTENEPLGDLGTLNVDEKGEAFFSGVKEKLRIADLIGRSIALYGSEDRSDPGLTAAVIARSAGVGENYKKLCTCDGTTIWEATNQDFVTSKV,17-JUL-2018,17-JUL-2018,33473.69,linear,PLN,1.9,3.49,4.76,6.03,6.67,1.27,8.89,10.79,8.25,4.13,8.57,5.71,4.13,2.54,1.27,6.03,1.27,5.08,8.57,0.63,2,2,Molecular cloning and characterization of superoxide dismutase genes from Actinidia deliciosa cv.Miliang-1,Unpublished,,
Actinidia deliciosa,ros_detox,ASL04621.1,ASL04621,327,copper chaperone for superoxide dismutase [Actinidia deliciosa],Actinidia deliciosa,MGFVRSVAATTTTTIAATALASLSSPSSSSSSSSSPFSHIPKTLTFPSLFSNPFLKPARLGLVKSFAPPPSAVHMDAPSSDQKFSSQNGSLLPELLTEYMVDMKCEGCVNSVKNKLQIVDGVKNVDVDLSSQVVRILGSSPVKTMTEALEQTGRKARLIGLGVPEDFLVSAAVAEFKGPDIFGVVRLAQVNMELARIEATFSGLSPGKHGWSINEFGDLTRGASSTGKVFNPSNHVTENEPLGDLGTLNVDEKGEAFFSGVKEKLRIADLIGRSIALYGSEDRSDPGLTAAVIARSAGVGENYKKLCTCDGTTIWEATNQDFVTSKV,17-JUL-2018,17-JUL-2018,34582.86,linear,PLN,1.83,3.67,4.89,5.81,7.03,1.22,9.17,12.54,8.26,3.98,8.56,5.5,3.98,2.14,0.92,5.5,1.22,4.89,8.26,0.61,2,2,Molecular cloning and characterization of superoxide dismutase genes from Actinidia deliciosa cv.Miliang-1,Unpublished,,
Actinidia deliciosa,ros_detox,ASL04620.1,ASL04620,304,iron superoxide dismutase [Actinidia deliciosa],Actinidia deliciosa,MAAAAATTAISLTRAFIPCQGGSTRSLPFRKKERQCMRKAGPCMITAKFELKPPPYPLNALEPLMSRDTLEYHWGKHHRTYVENLNKQIVGTELDGMALEDIIVATYNKGDLLPAFNNAAQAWNHEFFWESMKPGGGGEPSGELLKLVIRDFGSFEGFIKEFKAAAATQFGSGWAWLAYKANRLDVGNAVNPLPSEEDKKLVVVKSPNAVNPLVWDYSPLLTIDVWEHAYYLDFQNRRPDYISTFMEKLVSWEAVSLRLEKAKARATEREKEEERRREQEEGKMADDETTETHLESDADDSEAK,17-JUL-2018,17-JUL-2018,34379.58,linear,PLN,2.63,5.59,4.28,7.24,5.26,0.99,8.88,5.26,5.92,4.28,4.61,10.2,3.29,2.3,2.96,5.59,1.97,5.26,10.86,2.63,2,2,Molecular cloning and characterization of superoxide dismutase genes from Actinidia deliciosa cv.Miliang-1,Unpublished,,
Actinidia deliciosa,ros_detox,ASL04619.1,ASL04619,229,manganese superoxide dismutase [Actinidia deliciosa],Actinidia deliciosa,MALRTLVTRKSLKGGLGLGFSRLRGVHTVSLPDLPYDYGALEPVISGEIMELHHKKHHQTYVTNYNNALQQLDAAMAKGDTPTVVKLQSPIKFNGGGHINHSIFWKNLAPVCEGGGEPPKHSLGWAIDLHFGSLEALTQKMNAEGAALQGSGWVWLGLDKEFKRLVVETTANQDPLVTKGPSLVPLLGIDVWEHAYYLQYKNVKPDYLKNIWKVMNWKYASEVYEKECP,17-JUL-2018,17-JUL-2018,25546.27,linear,PLN,2.18,2.18,2.18,8.3,4.8,0.87,12.23,4.8,9.61,4.8,7.42,5.68,3.49,3.49,4.37,5.68,4.37,3.93,6.55,3.06,2,2,Molecular cloning and characterization of superoxide dismutase genes from Actinidia deliciosa cv.Miliang-1,Unpublished,,
Actinidia deliciosa,ros_detox,ASL04618.1,ASL04618,224,manganese superoxide dismutase [Actinidia deliciosa],Actinidia deliciosa,MALRTLATRRRLGLGFQSIRGLQTFSLPDLPYDYGALEPAISGEIMQLHHQKHHQTYITNYNKALEQLDAAMAKGDAPTVVKLQSAIKFNGGGHVNHSIFWKNLAPVREGGGEPPKGSLGSTIDTNFGSLEALIQKMNAEGAAVQGSGWVWLGVDKELKKLVIETTANQDPLVTKGSLVPLLGIDVWEHAYYLQYKNVRPDYLKNIWKVMNWKYASQVYEKECP,17-JUL-2018,17-JUL-2018,24949.46,linear,PLN,2.23,3.12,2.23,7.59,4.91,0.45,11.16,4.91,9.38,4.91,6.25,5.36,4.91,5.36,4.46,4.91,3.12,4.02,8.04,2.68,2,2,Molecular cloning and characterization of superoxide dismutase genes from Actinidia deliciosa cv.Miliang-1,Unpublished,,
Actinidia deliciosa,ros_detox,ASL04617.1,ASL04617,206,copper/zinc superoxide dismutase [Actinidia deliciosa],Actinidia deliciosa,MAAHTILYSTTSQSLLHPLRSNPNHPPRFSSFPRQSLTISSSSRKPLTVVAAAKNAVAVLKGTSNVEGVVTLTQEDDGPTTVKVCITGLTPGPHGFHLHEYGDTTNGCMSTGAHFNPNKLTHGAPEAEIRHAGDLGNIVANAEGVAEATIVDKQIPLSGPNSVVGRAFVVHELEDDLGLGGHELSLTTGNAGGRLACGVVGLTPLA,17-JUL-2018,17-JUL-2018,21277.78,linear,PLN,0.97,3.4,2.43,2.91,9.71,1.46,10.19,7.77,11.17,5.34,8.74,4.85,3.4,1.94,0.97,6.8,5.34,3.4,9.22,,2,2,Molecular cloning and characterization of superoxide dismutase genes from Actinidia deliciosa cv.Miliang-1,Unpublished,,
Actinidia deliciosa,ros_detox,ASL04658.1,ASL04658,152,copper/zinc superoxide dismutase [Actinidia deliciosa],Actinidia deliciosa,MAKAVAVLSGSEGVSGTVYFFQEGDGPTTVTGNLCGLKPGLHGFHVHALGDTTNGCMSTGPHYNPASKEHGAPGDENRHAGDLGNVEVGEDGAATFTIVDKQIPLCGPHSIIGRAVVVHADPDDLGKGGHELSKSTGNAGGRLACGVIGLQG,01-JUN-2018,01-JUN-2018,15250.89,linear,PLN,1.32,1.97,2.63,3.95,6.58,2.63,7.24,5.26,19.08,3.95,8.55,4.61,3.29,1.97,1.32,5.26,5.92,5.92,8.55,,2,2,Molecular cloning and characterization of superoxide dismutase genes from Actinidia deliciosa cv. Miliang-1,Unpublished,,
Agropyron cristatum,ros_detox,ACV71029.1,ACV71029,114,"ascorbate peroxidase, partial [Agropyron cristatum]",Agropyron cristatum,TTVDTTLVFLTTTFTKLIYAPSHVGTKFTTEFLTITRGARIISLRRFLMYTSGNSRTTSSTSTSVPPRLTTQVGTFCTKQSNRSTSRGRPTILSAWCRFPVENSLPELSVSITS,16-SEP-2009,24-JUL-2016,12589.25,linear,PLN,0.88,8.77,6.14,2.63,21.93,1.75,8.77,14.04,4.39,2.63,6.14,2.63,5.26,1.75,1.75,5.26,0.88,0.88,2.63,0.88,2,2,Jasmonic acid regulates ascorbate and glutathione metabolism in Agropyron cristatum leaves under water stress,"Plant Sci. 178 (2), 130-139 (2010)",,
